model,accuracy,auc,precision,recall,f1,mcc
XGBoost,0.7771469127040455,0.8407941305639515,0.5632911392405063,0.713903743315508,0.6297169811320755,0.4802780966572048
Logistic Regression,0.7799858055358411,0.8420574026712133,0.5737327188940092,0.6657754010695187,0.6163366336633663,0.4658175006660767
Naive Bayes,0.7175301632363378,0.80795680591077,0.4805194805194805,0.7914438502673797,0.597979797979798,0.4293039322661386
Random Forest,0.7629524485450674,0.8228370663153273,0.5446428571428571,0.6524064171122995,0.5936739659367397,0.43172546315639415
k-Nearest Neighbor,0.7629524485450674,0.8207290294246816,0.545045045045045,0.6470588235294118,0.5916870415647921,0.4295199264167945
Decision Tree,0.7388218594748048,0.6619468340695962,0.5081967213114754,0.49732620320855614,0.5027027027027027,0.32567240890553395
